Well_ID,X,Y,Z,AI,SI,Vp,Vs,rho_b,rho_f,rho_m,K0,Kdry,Kf,Ksat,G0,Gdry,Gsat,facies,phi,perm,GR
72,23,94,19,7197904.5,2875019.5,2857.923584,1141.52478,NaN,1.073519588,NaN,26.43447685,6.098106861,2.511233807,16.19518661,13.0980444,3.28190589,3.28190589,5,0.081892458,30.41002333,87.72498713
72,23,94,20,5588607.5,2455064.75,2393.497559,1051.458984,2.334912539,1.009538651,2.639363289,32.10685349,3.322926044,1.878158689,9.934451103,21.64370155,2.581399918,2.581399918,4,0.186799757,371.4639423,72.24153954
72,23,94,21,5630696,2505351.75,2411.199219,1072.851807,2.335226297,1.009328723,2.639957428,NaN,3.370459318,1.876606703,9.992901802,22.54193687,NaN,NaN,4,0.18687953,371.9515317,56.57018309
72,23,94,22,5769965.5,2663087.25,2468.634277,1139.380859,2.337310791,1.008975506,2.641712666,34.00012589,3.52264452,1.87400043,10.19824123,25.41240883,3.034270763,3.034270763,4,0.186436596,369.2497789,57.75234073
72,23,94,23,5856929,2757119.75,2503.463379,1178.492798,2.339530468,1.008500457,NaN,34.79983139,3.615526438,NaN,10.3302803,27.1342411,3.249245644,3.249245644,4,0.185494628,363.5491688,56.70769571
72,23,94,24,NaN,3074623,2657.309326,1280.084351,2.401890993,0.988736808,NaN,32.95762253,4.680593967,1.735880256,11.71275234,23.45646095,3.935776711,3.935776711,3,NaN,168.1106632,57.1874796
72,23,94,25,6411633,3093471.25,2666.255371,1286.409302,2.404733181,0.98812902,2.639937639,33.02904129,4.711523056,1.732046485,11.7890892,23.60748672,3.979470015,3.979470015,3,0.142392051,162.0749727,56.54379548
72,23,94,26,6441626,3110625.5,2675.186035,1291.83252,2.407917023,0.987647891,2.640008688,33.07993317,4.742194176,1.729023695,11.87467194,23.7154541,4.018407345,NaN,3,0.140460614,155.4820681,62.20581385
72,23,94,27,6465675.5,3119433,2681.577393,1293.755127,2.411146402,0.987406671,2.639993429,33.06894302,4.764708519,1.727512121,11.95716667,23.69211578,4.035782337,4.035782337,3,0.138478009,148.9066557,62.91060562
72,23,94,28,6487957.5,NaN,2687.41333,1294.768066,2.414201498,0.987485588,2.639960289,33.04521561,4.783926964,1.728006363,12.03952217,23.6417675,4.047225952,4.047225952,3,0.136618544,NaN,45.25350735
72,23,94,29,4344767.5,2065032.125,1961.865112,932.458252,2.214610815,0.901575804,2.647843838,37.60963821,1.510179281,1.317641258,5.956439495,42.30702972,1.925556183,NaN,NaN,0.248090766,894.9172969,37.19875609
72,23,94,30,4372775.5,2078958.75,1970.272217,936.7310791,2.219376326,0.902218819,2.647825956,37.61417007,1.52743721,1.319987655,6.018990517,NaN,1.947425365,1.947425365,2,0.245444453,865.3798449,18.89300067
72,23,94,31,4391996,2087462.25,1976.162964,939.2462158,2.222486734,0.903184116,NaN,37.61894989,1.538380265,1.323525548,6.065111637,42.2504425,1.960641026,1.960641026,2,0.243789297,847.2605003,23.08475401
72,23,94,32,4400839,2089657.125,1979.070679,939.7252197,2.223689556,0.904488683,2.64778614,37.62425613,1.541963577,1.328336954,6.091300011,42.21828842,1.963703632,1.963703632,2,0.243272642,841.6600077,31.38260969
72,23,94,33,4398694.5,2085217.25,1978.816528,938.0651855,2.222891569,0.906133115,2.647762775,37.63017654,1.537790895,1.334452271,6.096116543,42.18246841,1.956069708,1.956069708,2,0.243950344,849.0116137,21.7607501
72,23,94,34,4385933,2074423.375,1975.499878,934.3560791,2.220163584,0.908067107,2.647737265,37.63660431,1.526183963,1.341716766,6.080076218,42.14366913,1.938250065,NaN,2,0.245778537,869.0701317,28.23290863
72,23,94,35,4363782,2058131.375,1969.456055,928.8730469,2.215729475,0.910171211,2.647711039,37.64325333,1.508147478,1.349710703,6.045286655,42.10359955,1.911742687,1.911742687,2,0.248616839,900.8731945,26.39790028
72,23,94,36,4334090.5,2037675.625,1961.185059,922.0524902,2.209934473,0.912252188,2.647686005,37.64962006,1.48522985,1.357710838,5.994828701,42.06533051,1.878843904,1.878843904,2,NaN,942.6974558,NaN
72,23,94,37,4299170.5,NaN,1951.317261,914.4472046,2.203214407,0.914096415,2.647665024,37.65489578,1.459306955,1.364880562,5.932568073,42.0336647,1.842357993,1.842357993,2,0.256379036,992.0599451,27.32940323
72,23,94,38,NaN,1991050.75,1940.560913,906.6503296,2.196051359,0.915523052,2.647651911,37.65823746,1.43234849,1.370478868,5.862923622,NaN,1.805186868,1.805186868,2,0.26071997,1045.822482,17.25914294
72,23,94,39,4223843.5,1968319.875,1929.641479,899.2169189,2.188926697,0.916422606,2.647648811,37.65903854,1.406197786,1.374032736,5.790575504,42.00883484,1.769946456,1.769946456,2,0.264969483,1100.436137,24.53428659
73,57,142,19,6787758.5,3335389.25,2781.488525,1366.776245,2.440333128,0.977867901,2.641159296,33.91643524,5.110908031,1.669787526,12.80176449,25.53660011,4.558730602,4.558730602,3,0.120740192,98.24175492,51.59047349
73,57,142,20,6794927.5,3333835,2785.678955,NaN,2.439235687,0.982690513,2.641193628,33.94176102,5.101538658,1.69848156,12.85311127,25.5932579,4.556531906,4.556531906,3,0.121771256,100.8057013,47.22136022
73,57,142,21,NaN,2144237.75,2003.834351,958.0005493,2.238242626,0.902077913,2.647968531,37.57804871,NaN,1.319472551,6.24842453,42.50024796,2.054180861,2.054180861,2,0.234680219,752.3063236,34.91920795
73,57,142,22,NaN,2132268.5,2003.012573,953.6074829,2.236002207,0.906533897,2.647916555,37.59120941,1.584872842,1.335951209,6.259843826,42.419487,2.03334713,2.03334713,2,0.236544394,771.0937219,28.75137232
73,57,142,23,4465564.5,2117701,1999.991333,948.4542847,2.232791901,0.910236955,2.647865057,37.60429382,1.569999218,1.349961877,6.253033161,42.33956909,2.008542538,2.008542538,2,0.238873453,795.0282039,21.80283496
73,57,142,24,4444180.5,2100780.75,1994.240356,942.6848755,2.228507996,0.912721038,NaN,37.61563873,1.552116752,1.359526396,6.22226572,42.27054214,1.980374217,1.980374217,2,0.24166477,824.3983732,20.07219178
73,57,142,25,NaN,2081644.25,1985.635864,936.3668823,2.223107576,0.913887441,2.647786617,37.6241188,1.53119576,1.364064217,6.166246891,42.21912003,1.949182749,1.949182749,2,NaN,859.6874488,21.59229167
73,57,142,26,4376362,2060287.375,1974.362305,929.4829102,2.216595173,0.913897276,2.647765398,37.62950516,1.50722158,1.364102721,6.087187767,42.18653107,1.915001869,1.915001869,2,0.248675266,901.5364023,16.79262713
73,57,142,27,4331472,2036644,1960.81189,NaN,2.209019661,0.913060069,2.647754192,37.63235474,1.480269194,1.360842347,5.989575863,42.16930008,1.877719283,1.877719283,2,0.25291755,950.6235329,30.84274581
73,57,142,28,4281143,2010751.75,NaN,913.7745361,2.200489998,0.911762536,2.647749662,37.63347626,NaN,1.355819821,5.87930727,NaN,1.837373614,1.837373614,2,0.257640013,1007.46908,38.46696669
73,57,142,29,4227273,1982891.625,1929.214233,904.9386597,2.191189051,0.910394311,2.647749662,37.63345718,1.418616056,1.350563765,5.762787819,42.16265869,1.794395447,1.794395447,2,0.262790603,1072.185618,25.5056585
73,57,142,30,4171883.75,1953636.875,1912.50708,895.6012573,2.181369066,0.909251928,2.647753,37.63262177,1.38513279,1.346206307,NaN,42.16769791,1.749679565,1.749679565,2,0.268267797,1144.208539,NaN
73,57,142,31,4116934.25,NaN,1896.033081,886.0075073,2.171340942,0.908479929,2.647758722,37.63120651,1.351152778,1.343277693,5.533146858,42.17625046,1.704522729,1.704522729,2,0.273916873,1222.057417,28.31953415
73,57,142,32,4064248.5,1894499.25,1880.326294,876.4908447,2.161459208,0.908072233,2.647765636,37.62943649,1.317915797,1.341736197,5.428098202,42.18695068,1.660511255,1.660511255,2,0.279535678,1303.195436,34.50695609
73,57,142,33,4015455.5,1866834.375,1865.831055,867.4476318,2.152100325,0.907897949,2.647773266,37.62747955,1.286762595,1.341078162,5.332986832,42.19878006,1.619380951,1.619380951,2,0.284889912,1384.060517,26.97887597
73,57,142,34,NaN,1842026.5,1852.964722,859.2956543,2.143646955,0.907802403,2.64778161,37.6253891,1.258996129,1.340717912,5.249704361,42.21141434,1.582845449,1.582845449,2,0.289735977,1460.32437,32.93926481
73,57,142,35,3935621.75,1821150.875,1842.122803,NaN,NaN,0.90767169,2.647789955,NaN,1.235751629,1.340225101,5.180063248,42.22421265,1.55237639,1.55237639,2,0.293847823,1527.385353,26.46285862
73,57,142,36,3907327.75,1805018.75,1833.692139,847.0875244,2.130852699,0.907497466,2.647796869,37.62151337,1.21788919,1.339568853,5.126158237,42.23490524,1.529008865,1.529008865,NaN,0.297043263,1581.025053,27.66799882
73,57,142,37,NaN,1794110,1828.043091,843.4677124,2.127064228,0.907402217,2.647800446,37.62062073,1.205915451,1.339210391,NaN,42.24032211,1.513273835,NaN,NaN,0.299205149,1618.084672,18.91988681
73,57,142,38,3879534.75,1788508.875,1825.467041,841.5606689,2.125228643,0.907605052,2.647797585,37.62134933,1.199954391,1.339974165,5.075111866,42.23589706,NaN,1.505138636,2,0.300293767,1636.983947,28.25410961
73,57,142,39,3881115.75,1787905.5,1826.107056,841.2289429,2.125349522,0.90835464,2.64778471,37.62459183,1.199757457,1.342803597,5.081948757,42.21623993,1.504037976,1.504037976,2,NaN,1637.938552,21.86768496
74,80,61,19,8425695,3489587.25,3232.098633,1338.606445,2.606880665,1.077363133,2.672804117,NaN,8.641415596,2.563134193,21.00443268,13.59200191,4.671184063,4.671184063,6,0.041319929,3.886722293,95.82261058
74,80,61,20,8421540,3489770.5,3231.157959,1338.94751,2.606353521,1.077157617,2.672403574,28.3926487,8.636116028,2.560305595,NaN,13.59749413,NaN,4.67261982,6,0.041404253,3.910593658,93.90973539
74,80,61,21,8423860,3490646.5,3231.960449,1339.247192,2.606424332,1.076929808,2.672158003,28.38380432,8.635564804,2.557176352,20.99246597,13.6008625,4.674838543,4.674838543,6,0.04120637,3.854728482,92.59997498
74,80,61,22,8431474,3491970,3234.174561,1339.462158,2.606994152,1.076748252,2.67208457,28.38116074,8.639147758,2.554688215,21.03237724,13.60186863,4.677361488,4.677361488,6,NaN,3.741809118,90.09167786
74,80,61,23,8442587,3493438.25,3237.303955,1339.556396,2.607906818,1.076676726,2.672183037,28.38471031,8.645792007,2.553708792,21.09167862,13.60051727,4.679657459,NaN,6,NaN,3.601820737,70.99452649
74,80,61,24,NaN,1996127.25,1935.316406,909.4344482,2.194910526,0.910029948,2.647793293,37.62244797,1.431653142,1.349170923,NaN,42.2292366,1.815346956,1.815346956,2,0.260612491,1044.466843,44.75363629
74,80,61,25,4290948.5,2016080.875,1948.652222,915.5646362,2.202008247,0.912259758,2.647777081,37.62656021,1.455251098,1.357740045,5.900429726,42.20433807,1.845852375,1.845852375,2,0.256850718,997.8040884,NaN
74,80,61,26,4329803,2031561.875,1961.012695,920.1154175,2.207942486,0.915518224,2.647752762,37.63267517,1.474076509,1.370459914,5.998436928,42.16737366,1.869271517,1.869271517,2,0.253897643,962.2284651,27.96728585
74,80,61,27,4358639,2040716.875,1970.505493,922.5916138,2.211939573,0.919074416,2.647724867,37.63978577,NaN,1.384616733,6.078391075,42.12447357,1.882748246,1.882748246,2,0.252095686,940.9691203,28.82610827
74,80,61,28,4372344,2042219,1975.420288,NaN,2.213374138,0.922192812,2.647698879,37.64633179,1.488500357,1.39727366,6.124819279,42.08507538,1.884298801,1.884298801,2,NaN,936.4471468,23.39184205
74,80,61,29,4367683.5,2035368,1974.657715,920.2028809,2.211868763,0.924386442,2.647680998,37.65085983,1.48114121,1.406316638,6.127411366,42.0578804,1.872951508,1.872951508,2,0.252894834,950.3557434,25.49922622
74,80,61,30,4343839.5,2020129.25,1967.918457,915.192627,2.207326889,0.925481796,2.647674561,37.65247345,1.463543773,1.410876155,6.083245277,42.04820251,1.848807335,1.848807335,2,0.255690059,983.7119394,30.07230202
74,80,61,31,4302084.5,1997144.125,1955.577271,907.8319092,2.199905157,0.925487936,2.647681475,NaN,1.436510801,1.410901666,5.995630264,42.05839539,1.813071251,1.813071251,2,0.260003462,1036.808752,16.86821575
74,80,61,32,4245290,1967685.5,1938.51123,898.4970703,2.189974308,0.924495995,2.64770174,37.64563751,1.401686788,1.406771302,5.872262001,42.08925629,1.767959595,1.767959595,2,0.265625477,1109.044731,25.24106456
74,80,61,33,4177465.75,1933531.625,1917.953003,887.7207031,2.178085566,0.922650635,2.647735357,37.63710022,1.361332893,1.399151444,5.723601341,42.14066696,1.716436028,1.716436028,2,0.272247322,1198.665986,23.35175581
74,80,61,34,4103335,1896752.5,1895.365234,876.1260376,2.164931059,0.920166552,2.647780895,37.6255722,1.318051815,1.389023185,5.561592579,42.21031189,1.661794305,1.661794305,2,0.279489303,1302.510308,20.8466564
74,80,61,35,4027808,1859463.75,1872.276611,864.3486328,2.151288986,0.917318642,2.647833824,37.61214828,1.27450633,1.377590895,5.39820385,NaN,1.607224941,1.607224941,2,0.286934647,1415.878018,NaN
74,80,61,36,3955475,1823666.625,1850.119385,852.9951782,2.137956619,0.914400101,2.64788866,37.59831619,1.233156562,1.366068363,5.243995667,42.3760376,1.555578828,1.555578828,NaN,0.294165205,1532.652891,22.57315777
74,80,61,37,3890114.5,1791122.625,1830.066162,NaN,2.125668764,0.911642551,2.647938967,37.58556366,1.196064353,1.355357289,5.106862068,42.45408249,1.509228587,1.509228587,2,0.3007955,1645.748446,21.16669545
74,80,61,38,3834453,1763281.375,1812.952148,833.6898804,2.115032673,0.909172356,2.647981167,37.57486343,1.164774537,1.345903993,4.991639614,42.51982117,1.470029831,1.470029831,2,NaN,1747.864881,31.32776676
74,80,61,39,NaN,1741197,1799.29126,NaN,2.106488943,0.907034278,2.648013592,37.56664276,1.140278578,1.337827444,4.900648594,42.57049942,NaN,1.439251304,2,0.311046062,1832.435397,16.89534108
75,45,187,19,4282267.5,2015072.875,1945.088989,915.2852783,2.201579094,0.909153402,2.647725344,37.6396637,1.457226157,1.345831871,5.870234966,42.12522507,1.84436667,NaN,2,0.256616567,NaN,39.27224646
75,45,187,20,4259292,1993697.5,1939.319458,907.760376,2.196281672,0.913405061,2.647665977,37.6546936,1.434975624,1.362183809,5.847061157,42.03487396,1.809799552,1.809799552,2,0.260274762,1040.215182,24.3465581
75,45,187,21,4232905.5,1970607.5,1932.490356,899.6610107,2.190388918,0.917394459,2.647602797,37.67065811,1.411019921,1.377892852,5.81621027,41.93940353,1.772878766,1.772878766,2,0.264253675,1091.097275,NaN
75,45,187,22,4203777,NaN,1924.742065,891.3088989,2.184072971,0.920903385,2.647541046,37.686306,1.386171222,1.392012239,NaN,41.8462944,1.735096574,1.735096574,2,0.268422381,1146.290143,28.70545588
75,45,187,23,NaN,1922509,1916.233521,882.9171753,2.177451134,0.923865736,2.647485018,37.70049286,1.36090374,1.404159427,5.732271671,41.76227951,1.697416186,1.697416186,2,0.272701631,1204.998981,34.9847272
75,45,187,24,4139335.5,1898276,1907.042603,874.559021,2.170552254,0.926306367,2.647438049,37.71238708,1.335299611,1.41432786,5.680349827,41.69213486,1.660154462,1.660154462,2,0.277076917,1267.227479,31.13862811
75,45,187,25,NaN,1873802.25,1897.098999,866.1762695,2.163303614,0.928269327,2.64740181,37.72156143,1.309099078,1.422613621,5.621638775,41.63820648,1.62304306,1.62304306,2,0.281594517,1333.874571,24.64792116
75,45,187,26,4065877,NaN,1886.224121,857.6108398,2.15556407,0.929801106,NaN,NaN,1.281845212,1.429147243,5.555275917,41.599823,1.585409522,1.585409522,NaN,0.286340909,1406.585077,19.97354863
75,45,187,27,4024254,1822253.625,1874.208008,848.6746216,2.147175789,0.930933416,2.647358656,37.73247147,1.253083706,1.434015632,5.480288506,41.57429504,NaN,NaN,2,NaN,1487.356373,19.42507321
75,45,187,28,3978728,1794283,1860.927856,839.2207642,2.138034582,0.931694031,2.64734745,37.73535538,NaN,1.437304616,5.396393299,41.55743027,1.505799651,1.505799651,2,NaN,1577.951505,28.35297537
75,45,187,29,3929526.75,1764720.125,1846.450317,829.2265625,2.128151894,0.932109118,2.647339344,37.73737335,1.190499663,1.439105749,5.304538727,41.54563141,1.463352799,1.463352799,2,0.302692644,1679.198667,27.7788035
75,45,187,30,3877713.75,1734072.625,1831.095093,818.8463745,2.117702007,0.932209373,2.647333622,37.73881531,1.157494068,1.439541578,5.207210541,41.53721237,1.41993916,1.41993916,2,0.308800716,1790.279257,17.31541323
75,45,187,31,3825242.75,1703382.25,1815.456421,NaN,2.107041836,NaN,2.647330523,37.73960876,1.124704003,1.438827991,5.108489037,41.53258133,1.377054334,1.377054334,2,0.314984716,NaN,26.17378611
75,45,187,32,3782603.25,1678758.375,1802.676514,800.0464478,2.098326206,0.931691885,2.647330761,37.73956299,1.098564029,1.437295198,5.028030396,NaN,1.343084693,1.343084693,2,0.32,2007.843137,32.3530382
75,45,187,33,3781214,1678817,1802.13147,800.1263428,2.098189831,0.931257427,2.647334576,37.7386055,1.098536134,1.435414791,5.0232234,41.53845596,1.343265653,1.343265653,2,0.32,2007.843137,26.83664535
75,45,187,34,3780017.25,NaN,1801.664551,800.2420044,2.098069429,0.930867195,2.647341013,37.73695374,NaN,1.433730006,5.018887043,41.54808426,1.343577027,1.343577027,2,0.32,2007.843137,26.79704479
75,45,187,35,3779361.5,1679142,1801.411133,800.3534546,2.098000526,0.93063724,2.647347927,37.7352066,1.098437309,1.432739019,5.016307831,41.55829239,NaN,1.343907118,2,0.32,2007.843137,21.15177827
75,45,187,36,3779443.5,1679291,1801.446899,800.4230347,2.098004341,0.930638492,2.647352934,37.7339592,1.09840095,1.432744265,5.016275406,41.56559372,1.344143152,1.344143152,2,0.32,2007.843137,30.39617937
75,45,187,37,3780255.75,1679387.625,1801.768555,800.4400024,NaN,0.930872381,NaN,37.73339844,1.098384619,1.433752298,5.01881361,41.56886673,1.34424901,1.34424901,2,0.32,2007.843137,23.41176196
75,45,187,38,3781581.25,NaN,1802.291626,800.4318237,2.098207235,0.931265235,2.647356272,37.73311615,1.098376393,1.435448527,5.023108482,41.57052612,1.344302654,1.344302654,2,0.32,2007.843137,24.09167948
75,45,187,39,3783086.5,1679612.75,1802.887085,800.4448853,2.098349094,NaN,2.647358894,NaN,1.098355651,1.43734467,5.02789402,NaN,1.34443748,1.34443748,NaN,0.32,2007.843137,32.67054511
76,68,108,19,5828772,NaN,2473.237305,1072.35083,2.356737852,1.029221296,2.63957572,NaN,3.451217651,2.036062241,10.80247021,21.96133995,2.710098505,2.710098505,4,0.175636981,307.4813933,57.09087911
76,68,108,20,5805073.5,2514801.75,2464.793701,1067.767334,2.355196476,1.027819037,2.63947463,32.19367599,3.435206175,2.02393961,10.72800922,21.80945969,2.685223579,2.685223579,4,0.176388842,311.532171,58.77703422
76,68,108,21,6683470,3240057.75,2764.395264,1340.142212,2.417696953,NaN,2.641069412,33.85018921,4.895963192,1.884281516,12.68623447,NaN,4.34213829,4.34213829,3,0.136978959,144.0623406,49.86679443
76,68,108,22,6574625.5,3125976.25,2721.302734,1293.872559,2.415984631,1.009894013,2.639983177,33.06168747,4.776605129,1.88079226,12.49872589,23.67671394,4.044614792,4.044614792,3,0.137414883,145.4598516,51.26096228
76,68,108,23,6564104.5,3117203.25,2717.561768,1290.532837,2.41543889,1.009894013,2.639911413,33.01038361,4.765582085,1.880792141,12.47455502,23.56797791,4.022853374,4.022853374,3,0.137711777,146.4169066,53.49353194
76,68,108,24,6560714.5,3114134.5,2716.483154,1289.416504,2.415150166,1.010121465,NaN,NaN,4.761152267,1.882481694,12.46818352,23.53603172,4.015416622,4.015416622,3,0.137896955,147.0160015,56.72879796
76,68,108,25,4314738.5,2017024.125,1957.238892,914.9564819,2.204502821,0.918357968,2.647699594,37.6461525,1.459586263,1.381741166,NaN,42.08615875,1.845489264,1.845489264,2,0.256280587,990.8640083,31.55437859
76,68,108,26,4320798,2020349.625,1959.015747,916.0105591,2.205596447,0.918329358,2.647696495,37.64696503,1.463627458,1.381626487,5.996963024,42.08127594,1.850661635,1.850661635,2,0.255642732,983.1403481,36.29332524
76,68,108,27,4325130.5,2023222,1960.226196,916.9602661,2.206444502,0.918071628,2.647697687,37.64664078,1.466939092,1.380595207,6.00461483,42.08323288,1.855214119,1.855214119,2,0.255114834,976.7806306,29.90255591
76,68,108,28,4326421,2024843.125,1960.489502,NaN,2.206806421,0.917618215,2.647702932,37.64532089,1.468613744,1.378784418,6.004724503,42.09115601,1.857883573,1.857883573,2,NaN,973.4935212,28.90515749
76,68,108,29,4323526.5,2024408.875,1959.497925,917.4974976,2.206446171,0.917071342,2.647712231,37.64297867,1.467692614,1.376606941,NaN,42.10525513,1.857390046,1.857390046,2,0.254972635,975.0725331,NaN
76,68,108,30,4315451.5,NaN,NaN,916.5758667,2.205144882,0.916547239,2.647726059,37.63943481,1.463270068,1.374526501,5.975215435,42.1265831,1.852567196,1.852567196,2,0.255653004,983.2643897,30.64247418
76,68,108,31,4301312,2014551.25,1952.731323,914.5761719,2.202715635,0.916115582,2.647745132,NaN,1.454624891,1.372817636,5.94269228,42.15564346,1.842460632,1.842460632,2,0.257000364,999.6314229,35.98913337
76,68,108,32,NaN,2004091.5,1946.462891,911.3588867,2.199014664,0.915736735,2.647768736,37.62867737,1.44133985,NaN,5.896183968,42.19153595,1.826446652,NaN,2,0.259091068,1025.411165,31.42450112
76,68,108,33,4251878,1989697.625,1937.985352,906.8945313,2.193968058,0.915267408,NaN,37.62166214,1.423379421,1.369472384,5.834148884,42.23400497,1.804445863,1.804445863,2,0.261945658,1061.371219,28.49076382
76,68,108,34,4215934,1971650.625,1927.203857,901.2884521,2.187591076,0.91448313,2.647829294,37.61334991,1.401127815,1.366393447,5.755596161,42.28445816,1.777025819,1.777025819,2,0.265520102,1107.658655,26.84985003
76,68,108,35,4173003.75,1950602,1914.214722,894.7681885,2.180008173,0.913150489,2.647868395,37.60341263,NaN,1.361193538,NaN,NaN,1.745336652,1.745336652,2,0.269703984,1163.652645,29.88313586
76,68,108,36,4124408.5,1927501.875,1899.368896,887.6514282,2.171462536,0.91110754,2.647914648,NaN,1.347299337,1.353298426,5.552506924,42.41656113,1.710949659,1.710949659,2,0.274326391,1227.844731,27.17918653
76,68,108,37,4072295.5,1903478.25,1883.301758,880.2956543,2.162317038,0.908340693,2.647966862,37.57852173,1.318276644,1.342750788,5.4351964,42.49733353,1.675623655,1.675623655,NaN,0.279169099,1297.786853,25.29638898
76,68,108,38,4019611.25,1879721.375,1866.942627,873.0525513,2.153044939,0.905059934,2.648020506,37.56489944,1.289828658,1.330455184,5.316256523,42.58125687,1.641095638,1.641095638,2,0.283985506,1370.153677,NaN
76,68,108,39,3969826.25,1857397,1851.424438,866.2420044,2.14420104,0.901694059,2.648070574,37.55226135,1.263429761,1.3180722,5.204559326,42.65948105,1.608955383,1.608955383,2,0.288522887,1440.955017,NaN
77,173,153,19,8625341,3528348.25,3297.268799,1348.806152,2.61590457,1.077647328,NaN,28.1488781,8.670211792,2.567056894,22.09465408,NaN,4.759057999,4.759057999,6,0.031315871,1.690761227,97.80111304
77,173,153,20,7322394.5,2886619.75,2890.900146,1139.644897,2.532911539,1.075403452,2.649488688,NaN,6.173010349,2.536406517,16.78201485,12.98504734,3.289721251,3.289721251,5,0.074060253,22.46502443,82.47828639
77,173,153,21,7269048,2874835,2875.039063,1137.04895,2.528330088,1.074539661,NaN,26.44471359,NaN,2.524802208,16.5403595,12.95958805,3.268828392,3.268828392,5,0.077195043,25.45227791,98.06491769
77,173,153,22,7218092.5,NaN,2859.919678,1134.589966,2.523879528,1.073597312,2.650365829,26.44647217,6.11645174,2.512262583,16.31119728,12.93595314,3.248975754,3.248975754,NaN,0.080218619,28.57537612,83.15836436
77,173,153,23,5054887.5,NaN,2241.42749,1139.091553,2.255208969,NaN,NaN,NaN,2.562704802,1.425868034,7.428563118,39.75997925,NaN,2.926200151,1,0.228067557,688.2586388,44.36983534
77,173,153,24,4992474.5,2541956.25,2222.12207,1131.410278,2.24671483,0.924153507,2.647019625,37.78453064,2.522911787,1.405350804,7.259228706,39.73519135,2.875995159,NaN,1,0.232348176,729.2606443,30.14522752
77,173,153,25,4938741,2516276.25,2205.654053,1123.775269,2.239127636,NaN,2.647001505,37.77758789,2.486256361,1.392066836,7.122849941,39.67798233,2.827728748,2.827728748,NaN,0.236300101,768.6130839,22.71577056
77,173,153,26,4893065.5,2491185.5,2191.701416,1115.851563,2.232542038,0.919320405,2.646963358,37.76302719,2.452845097,1.385606766,7.017748356,39.55855942,2.779793501,2.779793501,1,0.239876725,805.4980347,24.36946357
77,173,153,27,4854553,2466181.25,2179.848877,1107.393921,2.227013588,0.919163048,2.646896839,37.73758698,2.42286849,1.384973288,6.940813541,39.35167694,2.731034279,2.731034279,1,NaN,838.9892133,29.51862186
77,173,153,28,4822682,2441314.5,2169.852783,1098.412231,2.222584963,0.920179009,2.646797895,37.69997406,2.396672964,1.38907373,6.889082909,39.04985809,2.681569815,2.681569815,1,0.245689971,868.090742,38.38233505
77,173,153,29,4797100,2416931.75,2161.554932,1089.060303,2.219281912,0.922059953,NaN,37.65005875,2.374661446,1.396729827,6.859615326,38.65658569,2.632184744,2.632184744,NaN,0.247815647,891.8136948,37.71809039
77,173,153,30,4777428,2393430.75,2154.802979,1079.528931,2.217106581,0.924479842,2.646502495,37.58814621,2.357191563,1.406704307,6.849378586,38.17969131,2.583777905,2.583777905,1,0.24935557,909.2840779,30.75438602
77,173,153,31,4763441.5,2371392.75,2149.526855,NaN,2.216041803,0.927148104,2.646309853,37.51572037,2.34456563,1.41786921,6.855632782,37.63638306,2.537634373,NaN,1,0.25027777,919.8618755,35.91545332
77,173,153,32,4755329.5,2351784.5,2145.848877,1061.24585,2.216059923,0.929862678,2.646098375,37.43660355,2.337061882,1.429411054,6.876456261,37.05968094,2.495821476,2.495821476,1,0.250570783,923.2410017,17.60492031
77,173,153,33,4753631,2335715,2144.049805,NaN,2.217127085,0.932551682,2.645881653,37.35612488,2.334865808,1.441031218,NaN,36.48995209,2.460645676,2.460645676,1,NaN,919.499808,30.33865342
77,173,153,34,NaN,2324060,2144.403076,1047.253418,2.219195366,0.935228527,2.645674467,37.2794838,2.337988377,1.452787876,6.959717274,35.96216583,2.433879852,NaN,1,0.249337984,909.0832129,31.48835856
77,173,153,35,4771062,2317143.75,2147.01001,1042.730347,2.22218895,0.937928021,2.645485401,37.20999527,2.346205473,1.464839816,7.021977425,35.49531174,2.416156054,2.416156054,1,0.247895824,892.7173822,36.20325785
77,173,153,36,4789602.5,2314713.25,2151.669922,1039.856445,NaN,0.940594852,2.645317316,NaN,NaN,1.47694397,7.096351624,35.09122849,2.406969547,2.406969547,1,0.245978015,871.2788638,29.94559408
77,173,153,37,4813241.5,2316313.5,2157.956543,1038.490234,2.230462551,0.943046451,2.645170212,37.09497452,2.376188517,1.488249183,7.1794734,34.74533463,2.405469179,2.405469179,1,0.243641349,845.6540706,29.90042142
77,173,153,38,4840538.5,2321666,2165.357178,NaN,NaN,0.944989979,2.64504528,37.04960632,2.397152901,1.497335196,7.266546726,34.45682144,2.411211491,2.411211491,NaN,0.240933118,816.6270745,30.09810901
77,173,153,39,4870271,2331002.25,NaN,1040.250488,2.240808725,0.946071863,2.644948721,37.01469421,2.421904802,1.502441049,NaN,NaN,2.424826145,2.424826145,1,NaN,NaN,37.85453202
78,103,71,19,8544537,3510364.5,3269.573242,1343.243408,2.613349438,1.078140974,2.669993877,28.30587006,8.672489166,2.573899508,21.64995956,NaN,4.715273857,4.715273857,6,0.035583978,2.481283876,92.59459572
78,103,71,20,8541300,3510771.25,3269.194092,1343.752441,NaN,1.078364491,2.669409037,28.28481483,8.665149689,2.577010155,21.63302612,13.63858318,4.717607498,NaN,6,0.035666372,2.498574485,102.475082
78,103,71,21,8544317,3511778,3270.499268,NaN,2.612542152,1.078530908,2.668991089,28.26976204,8.662416458,2.579331398,21.65014076,13.6443243,NaN,4.720530987,6,0.035492158,2.462109367,87.96255239
78,103,71,22,NaN,3513111.5,3272.873779,1344.557495,2.612838507,1.078634262,2.668734312,28.26052094,NaN,2.580775023,21.68984222,13.64784908,NaN,4.723580837,6,0.035152344,2.392007558,97.76784415
78,103,71,23,8560229,3514435,3275.56665,1344.796509,2.613358259,1.078682065,2.668626547,28.25663757,8.666269302,2.58144331,21.73799896,13.64933014,NaN,4.726200104,6,0.034761201,2.312981098,88.89472039
78,103,71,24,7349347,NaN,2900.498291,1141.710083,NaN,1.077813268,2.648840904,26.44013405,6.180296421,2.569354296,NaN,13.0213356,3.302842379,3.302842379,5,0.073212406,21.69955536,96.3595608
78,103,71,25,7355485.5,2892508.75,2901.830566,1141.130737,2.534774303,1.077774882,2.649131536,26.44133949,6.184652328,2.568821669,16.94339943,13.00505066,3.300730944,3.300730944,5,0.072776039,21.31249124,98.27726404
78,103,71,26,7354949,2890901.25,2901.27832,1140.362671,2.53507185,NaN,2.649423361,26.44255257,6.185127258,2.567813158,16.94318581,12.98870087,3.296675682,NaN,5,0.072755604,21.29448002,99.03879565
78,103,71,27,7345764.5,2887807.5,2898.315186,1139.401733,2.534494638,1.077594519,2.649696827,26.44368744,6.180504322,2.56632781,16.90317726,12.97338963,3.290373087,3.290373087,5,0.073279077,21.75910498,101.5808638
78,103,71,28,7326621.5,2883081.75,2892.602051,1138.261108,2.53288269,1.077439785,NaN,26.44466591,NaN,2.564190865,16.81740189,NaN,3.281700134,3.281700134,5,0.074435668,22.80966627,91.04409607
78,103,71,29,7297059,2876717,2884.04248,1136.974976,NaN,1.077214479,2.650109529,26.44540405,6.153024673,2.561087132,16.684021,12.95029163,3.270755053,3.270755053,5,0.076266917,24.54170767,88.17707025
78,103,71,30,7257555.5,2868833.5,2872.807129,1135.589722,2.526293993,1.076895118,2.650212765,NaN,6.129863262,2.556699991,16.50579834,NaN,3.257817984,3.257817984,5,0.078762652,27.04121811,84.50923857
78,103,71,31,5803038,2518796.5,2467.414307,1070.976074,2.35187006,1.030270338,NaN,32.33051682,3.425481558,2.045227051,10.72173786,22.07184219,2.697570562,NaN,NaN,0.178813711,324.8465587,74.36859874
78,103,71,32,5715426,2480389.75,2439.014648,1058.487549,2.34333396,1.026533008,2.639467001,32.18768311,3.362847567,2.012948275,NaN,21.79800606,2.625461578,2.625461578,NaN,0.183598946,352.2614483,61.77421241
78,103,71,33,5627095.5,2447097.75,2411.07251,1048.521362,2.333855867,1.022234917,2.639370441,32.11240387,3.302709103,1.977062702,10.14622307,21.65428352,2.565834284,2.565834284,4,0.188923318,384.5949899,75.07266526
78,103,71,34,5542284,2419576.5,2384.935791,1041.183472,2.323871374,1.017701507,2.639356613,32.10168076,3.246948719,1.940573692,9.859027863,21.63384438,2.519222736,2.519222736,4,0.194545263,NaN,54.1629378
78,103,71,35,6764205.5,3613900,2841.017578,1517.865356,2.380909443,0.99485445,2.645334482,37.20344543,5.067427158,1.775434494,11.90334225,34.15126038,5.485413551,5.485413551,3,0.160211032,232.1308113,37.92309509
78,103,71,36,6673978,3578043,2814.670898,1508.99707,2.371139765,0.990364075,2.645323992,37.19468689,4.994009018,1.746228337,11.58604145,34.12327957,5.399256706,5.399256706,3,0.165674264,257.1668543,31.57551331
78,103,71,37,6590321.5,3540873,2789.986084,1499.014282,NaN,0.986653686,2.645283937,37.16100311,4.923434258,1.722810507,11.30981445,34.01603317,5.30781889,5.30781889,3,0.170712979,281.8428418,37.65614424
78,103,71,38,6517432.5,3505742.5,2768.364502,1489.109863,NaN,0.983867943,2.64522934,37.11506653,4.859745502,1.705637336,11.08204842,33.87071228,5.220435619,NaN,3,0.175142798,NaN,34.94949287
78,103,71,39,6466205.5,3484142.25,2754.129639,1483.989258,2.347821712,0.982077122,2.645237923,37.12223816,4.813065529,1.694777489,10.91486073,NaN,5.17042923,5.17042923,3,0.178825837,324.9141052,38.31318089
79,138,164,19,7422908.5,2914707.25,2919.474854,1146.37207,2.542549133,1.072676182,2.648155451,26.43729591,6.237410545,NaN,NaN,13.05976105,NaN,3.341338873,5,0.067031208,16.6398573,94.38315693
79,138,164,20,7388658.5,2906889.25,2909.534668,1144.686157,NaN,1.072876453,2.64843154,NaN,6.217750072,2.502754211,17.06092262,13.04428291,3.327476025,3.327476025,5,0.069161433,18.28255921,90.37660378
79,138,164,21,7354169,2898541.75,2899.601318,1142.836914,2.53626895,1.073233247,2.648750544,26.43976021,6.197197437,2.507451773,16.90740967,13.02640343,3.312560797,3.312560797,5,0.071393376,20.11665208,88.20426959
79,138,164,22,7319027.5,2889731.25,2889.602783,NaN,2.532883644,1.073746204,NaN,26.44114113,NaN,2.51423502,16.75327682,13.00774574,3.296853065,3.296853065,5,NaN,22.19350788,87.82341233
79,138,164,23,7282932.5,2880581.75,2879.477783,1138.905396,2.529254675,1.074370503,2.649400711,26.4424572,6.152200699,2.522541285,16.5967617,12.98997784,3.280709982,3.280709982,5,0.076281737,24.55607233,NaN
79,138,164,24,NaN,2871266.25,2869.206299,1136.968018,2.525371075,1.075030088,2.649677038,26.44360542,NaN,2.531378031,16.4370079,12.97450066,3.264537573,3.264537573,5,0.078942125,27.22726797,81.55959452
79,138,164,25,5704500,2467990.75,2432.647949,1052.459106,2.344975471,1.024536729,2.639250517,32.01894379,3.35853982,NaN,10.41376114,21.47642326,2.597459555,2.597459555,NaN,0.182245891,344.3541926,74.4439734
79,138,164,26,5681793.5,2450018.75,2428.239258,1047.069336,2.339882135,1.028213263,2.639228344,32.00181198,3.321715832,2.027332544,10.37630081,21.4438839,2.565339804,2.565339804,4,0.185812215,365.4643082,57.09502024
79,138,164,27,5656946.5,2432285.5,2422.835205,NaN,2.334845781,1.031144857,2.639203072,NaN,3.285947323,2.052930117,10.32746124,21.40673637,2.533791542,2.533791542,NaN,0.189270137,386.7695696,60.73959371
79,138,164,28,5635852.5,NaN,2418.615967,1038.50415,2.330197334,1.033424258,2.639226675,32.00040817,3.256993771,2.073283434,10.28016853,21.44121933,2.513096571,2.513096571,4,0.192445441,407.0757048,60.13702297
79,138,164,29,5622547,2415452.25,2416.984131,1038.338989,2.326265574,1.035209298,2.639319658,32.07285309,NaN,2.089506388,10.24552822,NaN,2.508058071,2.508058071,4,0.19515738,424.9927907,57.45036904
79,138,164,30,6361632.5,3014481.5,2666.89502,1263.717407,2.385407925,1.021512508,2.63988328,NaN,4.528574467,1.971156359,11.88653564,23.5252533,3.809452534,3.809452534,3,0.157241684,219.2495103,65.62664095
79,138,164,31,6358048.5,3015573.75,2667.500977,1265.175293,2.383522511,1.022789001,2.639963627,33.04758453,4.520695686,1.981616497,11.87312698,23.64679527,3.815229654,3.815229654,3,0.158573554,224.965128,58.25441665
79,138,164,32,6371994,3031080.25,NaN,1271.96582,2.382988691,1.023670554,2.640148878,33.18041992,4.53277874,1.988906026,11.89782333,23.92951202,3.855430126,3.855430126,3,NaN,227.1943594,66.06487281
79,138,164,33,6455985,3120338.25,2707.734375,1308.715332,2.384275675,1.024035215,2.64103055,33.82146835,4.623998165,1.991936803,12.03624725,25.32501793,4.083634377,4.083634377,3,0.158785212,225.882719,55.13357647
79,138,164,34,6657714,3337773,2788.48584,1397.977173,2.387573242,1.023704648,2.643010378,35.32128906,4.842197895,1.98918891,12.34343529,28.85527802,4.666130543,4.666130543,3,0.157744923,221.3973089,43.14430226
79,138,164,35,4136735.75,1900355.375,1907.211792,876.1449585,2.168996572,0.927483499,2.647675276,37.65232849,1.326142311,1.41928494,5.669648647,42.04906464,1.66498673,1.66498673,2,0.278270487,1284.597005,38.87541305
79,138,164,36,4170586.75,1923529.625,1916.777222,884.0429688,2.175832748,0.925722837,2.647707701,37.64409637,1.350943565,1.411883473,5.726775169,42.09852982,1.700482965,NaN,NaN,0.274029693,1223.649831,32.44394775
79,138,164,37,4205220.5,1949201.375,1926.322876,892.8880615,2.18302989,0.922968328,2.647757053,37.63161469,1.378007412,1.400457382,5.780053616,42.17378998,1.740418673,NaN,NaN,0.269440081,1160.062112,18.43645729
79,138,164,38,4237486,1975673.875,1934.915894,902.1299438,2.190010309,0.919152498,2.647823811,37.61471176,NaN,1.38493073,5.822758675,42.27617264,1.782314539,1.782314539,2,0.264835474,1098.683451,22.45114016
79,138,164,39,4265174.5,NaN,1941.958496,911.2441406,2.196326256,0.91440022,2.647906065,37.59389496,1.431257248,1.36606884,5.851119041,42.4030571,1.823754311,1.823754311,2,0.260500949,1043.061267,25.261792
80,120,97,19,8569554,3521169.75,3281.253418,1348.244019,NaN,1.078684092,2.665278435,28.1360836,8.63973999,2.581470728,21.78901672,13.69534969,4.747395992,NaN,6,NaN,2.123903722,99.09260545
80,120,97,20,8550703,3518846.5,NaN,1348.114868,2.610197783,1.078891873,2.665097475,28.12957001,8.628911018,2.584379196,21.6860218,13.69783783,4.743809223,4.743809223,6,0.034610767,2.283057759,NaN
80,120,97,21,8537185,3517072.75,3271.984131,1347.962646,2.609176636,1.079022527,2.665026903,28.12702942,8.621658325,2.58621192,21.61235428,13.69880867,4.740882397,4.740882397,6,0.035214384,2.404705341,90.95869724
80,120,97,22,8527634,3515688.25,3269.152588,1347.773682,2.608515263,1.079085708,2.665060282,NaN,8.617321968,2.587097645,21.56033516,13.698349,4.738351822,4.738351822,6,0.035653222,2.495809502,101.0955465
80,120,97,23,8520396,3514476,3266.90332,1347.525757,2.608095646,1.079094291,2.665193796,28.13303757,8.615083694,2.587217808,21.52084923,13.69651318,4.735846996,4.735846996,6,0.035999148,2.569227479,91.29448552
80,120,97,24,7311429.5,NaN,2886.570313,1132.71521,2.532912254,1.078437924,2.651815891,26.45252609,6.16116333,2.578034639,NaN,12.85489845,3.24983716,3.24983716,5,0.075572158,23.87457156,92.47643578
80,120,97,25,7306816,NaN,2884.545654,1131.133545,2.53309083,1.078346014,2.652374506,26.4548645,6.159745693,2.576752424,16.75551796,NaN,3.240996361,3.240996361,5,0.075782439,24.07519186,93.36011019
80,120,97,26,7299240.5,2861349.5,2881.796387,1129.682861,2.532878637,1.078241706,2.652850866,26.4568634,NaN,2.57530117,16.72503471,12.79714394,NaN,3.232417345,5,0.076191809,24.46899087,NaN
80,120,97,27,NaN,2857159.25,2878.028809,1128.364136,2.532125235,1.078144431,NaN,26.45845604,6.150269508,2.573947906,16.67516518,12.77599812,3.223916054,3.223916054,5,0.076887781,25.14836311,91.14038704
80,120,97,28,7270805.5,2852512,2873.008545,1127.150391,2.530728817,1.078057528,2.653511286,26.4596386,NaN,2.572740793,16.60213852,12.76030636,NaN,3.215210199,5,0.077934629,26.19388827,100.4011447
80,120,97,29,7248575.5,NaN,2866.591309,1126.006226,2.528639317,1.077967048,NaN,26.4604435,NaN,2.571484804,16.50398827,12.74966145,3.206036568,3.206036568,5,0.079368182,27.67237199,101.4178962
80,120,97,30,7220804,2841345.5,2858.757813,1124.905029,2.525853634,1.077849627,2.653811932,26.46090317,6.110708237,2.569858074,16.38087082,12.74355888,3.196243763,3.196243763,5,0.081193739,29.63485727,78.70633782
80,120,97,31,5862361.5,2554576.25,2494.451172,1086.97937,2.350160837,1.038781404,2.640174866,32.74661636,3.446419954,NaN,10.92101192,22.87885857,2.776772022,2.776772022,4,NaN,337.7595496,82.25687234
80,120,97,32,5765499,2479255.5,2459.421387,1057.589966,2.344250202,1.037201643,2.639477253,32.19570541,3.35720396,2.107916355,10.68374538,21.81334496,2.622035503,2.622035503,4,0.184254811,356.1389851,69.68409928
80,120,97,33,5704535.5,NaN,NaN,1047.831543,2.338122606,1.035284042,NaN,32.07815933,3.310379267,2.090191603,10.4950304,21.58903885,NaN,2.567143679,4,0.187778004,377.4738034,61.19706886
80,120,97,34,NaN,2429552.25,2422.989746,1041.979004,2.331671,1.033263206,2.63929224,32.05147934,3.270962477,2.071831703,10.31356812,21.53827286,2.531542301,2.531542301,4,0.191541505,401.2217566,45.51528175
80,120,97,35,6904849.5,3634420.5,2886.642334,1519.40625,2.392000437,1.015607476,2.645252228,37.13434601,5.121942043,1.92416966,12.5689497,33.93157578,5.522161484,NaN,3,0.155403091,211.5235064,40.64822874
80,120,97,36,6746818.5,3497991.25,2829.031006,NaN,2.384851456,1.014139056,2.644417286,36.44341278,4.976856232,NaN,12.24603367,31.85593796,NaN,5.130694389,3,0.159215734,227.7570325,40.61668166
80,120,97,37,6400736.5,NaN,2693.463867,1324.335449,2.376395941,1.013358712,2.641517162,34.18209076,4.623948574,1.906859875,11.68298531,26.13594055,NaN,4.167876244,3,0.162834986,243.9364484,47.29824299
80,120,97,38,6242365,2999656.25,2634.017334,1265.729614,2.369902849,1.013077736,2.640211105,33.22522736,4.455736637,1.904719353,11.38015938,24.02533913,3.796753407,3.796753407,3,0.166125486,259.3137178,63.17028471
80,120,97,39,6186458.5,2961572.75,2615.788086,NaN,2.365045786,1.012894273,2.639967203,33.0501442,4.399098396,1.903324246,11.23771858,23.65221786,3.708559513,3.708559513,3,0.168966903,273.1159624,40.08514725
81,146,141,19,8590653,3523199.25,3286.605713,NaN,2.613837481,1.077745199,NaN,28.16264534,8.657942772,2.56841135,21.90218353,13.68520451,NaN,4.748930454,6,0.032852435,1.952245217,91.75166054
81,146,141,20,7318780.5,2892177,2892.043945,1142.854736,2.530660152,1.076345801,NaN,26.43732071,6.165243149,2.549189091,16.75911903,13.05942631,3.305337906,3.305337906,5,0.074755041,23.10563565,100.7268204
81,146,141,21,7290272,2883499.75,2883.491211,1140.498779,2.528279543,1.076504827,2.648732662,26.43968582,6.148467541,2.551359415,16.63659859,13.02740288,3.288628101,3.288628101,NaN,0.076613014,24.87865832,85.84871788
81,146,141,22,7264054,2874981.75,2875.623047,1138.119751,2.526080132,1.076749563,2.64932847,26.44215775,6.132637024,2.554706335,16.52591705,12.99401951,3.272073746,3.272073746,5,0.078373359,26.6405936,91.26493349
81,146,141,23,7239373,2866743.25,2868.278076,1135.81897,2.523943901,1.077069759,2.649902821,NaN,6.117257595,2.559097767,16.42306519,12.96186256,3.256101608,3.256101608,5,0.080084172,28.43132257,99.31769029
81,146,141,24,7215482.5,2858908.25,2861.278076,1133.691528,2.521769047,NaN,2.650413752,NaN,6.101933956,2.563966513,16.32400894,12.93327332,3.2411201,3.2411201,5,0.081783487,30.28824572,NaN
81,146,141,25,7191837.5,2851576,2854.478027,1131.80542,NaN,1.077758789,2.650832415,26.44841576,6.086444855,2.568599463,16.22570229,12.90986443,3.22742939,3.22742939,5,0.083492146,32.23573715,104.0261977
81,146,141,26,7168250.5,2844828,2847.81958,1130.200073,2.517101288,1.078034997,2.651144266,26.44971657,6.07078743,2.572428465,16.12691689,12.89243317,3.215224981,3.215224981,5,0.085208977,34.27547363,78.53344069
81,146,141,27,6075878.5,2841613.25,2595.072754,1213.683472,2.341313362,1.042633057,2.643636703,35.65417099,3.667946815,2.159791708,11.16892052,NaN,NaN,3.448819399,4,0.188833686,384.0343677,70.29371004
81,146,141,28,6093137,2871744,2605.213135,1227.857666,2.338824749,1.043482304,2.644015551,35.99249268,NaN,2.168135166,11.17246246,29.92015839,3.526092529,3.526092529,4,0.190680653,395.7011919,37.52584985
81,146,141,29,6109760,2902503,2614.888184,1242.228882,2.336528301,1.043885231,2.644381523,36.3233223,3.698043823,2.172115564,11.16890812,30.75277328,3.605572701,3.605572701,4,0.192348533,406.4453114,45.02425991
81,146,141,30,6112211.5,2916464.5,NaN,1249.30542,2.334468842,1.043977618,2.644575357,36.50041962,3.700681448,2.173030376,11.14519596,31.21138763,3.643554688,3.643554688,NaN,0.193744139,415.589219,36.73274527
81,146,141,31,6104338,2916460.5,NaN,1250.181641,2.332829475,1.043899775,2.644626379,36.54723358,3.69396162,2.172259808,11.11180878,NaN,3.646105289,3.646105289,4,0.194784615,422.4982942,43.64707167
81,146,141,32,NaN,3276239,2780.077881,1369.834839,2.391703606,1.029644012,2.642334938,34.79975891,4.799822807,2.039744854,12.50120163,27.57712746,4.487905979,4.487905979,3,0.155411843,211.5598367,37.54128804
81,146,141,33,6922548.5,3585777.5,2892.195313,1498.11438,2.393527269,1.029409766,2.644901276,NaN,5.078912258,2.037702322,12.85882092,33.0262146,5.37190485,NaN,NaN,0.15560223,NaN,36.4856565
81,146,141,34,6984953,3656497.75,2917.383301,1527.197876,NaN,1.028989196,2.645393133,37.25279617,5.138724327,2.034045458,12.9321928,34.30964661,5.584195614,5.584195614,3,0.155369859,211.3855963,26.83396259
81,146,141,35,6995935.5,3667847.75,2920.880127,1531.366821,2.39514637,NaN,2.645445585,37.29714584,5.15298605,2.026643991,12.9451952,34.45307922,5.616820335,5.616820335,3,0.154762395,208.8755325,17.86805706
81,146,141,36,4187761.25,1922061.625,1923.081665,882.6390381,2.177630424,NaN,2.647599459,37.67153168,1.35391283,1.432079315,5.791424751,41.93418121,1.696486592,1.696486592,2,0.273696826,1218.955816,29.03312279
81,146,141,37,4206850,1938414,1928.209961,888.472168,2.181738615,0.928297102,2.647665977,37.65468979,1.369529009,1.422731638,5.815387726,42.03489304,1.722226858,1.722226858,2,0.27098738,1181.227648,38.4417854
81,146,141,38,4224572,1956851,1932.599731,895.1936035,2.185952902,0.924791515,2.647755146,37.63210297,NaN,1.407999396,5.828726292,42.17082214,1.751760483,1.751760483,2,0.26802789,1140.98337,25.07450149
81,146,141,39,4239385,1976755.25,1935.743286,902.6051636,2.19005537,0.919715106,2.64786315,37.60477448,1.404521108,1.387198448,5.82738781,42.33664322,1.784229636,1.784229636,2,0.264912318,1099.688234,24.00066541
82,110,130,19,8626442,3529035.5,NaN,1348.393799,2.617214203,1.07408011,2.666296959,28.17276192,8.682826996,2.518671513,22.08839035,13.68134117,4.758529663,4.758529663,6,0.030826665,1.612706023,88.55694938
82,110,130,20,8593002,3524301,3285.878418,1347.657593,2.615130901,1.07430768,2.666531324,28.18119812,8.669776917,2.521703959,21.90282631,13.67811966,4.749550819,4.749550819,6,0.032282159,1.852265511,NaN
82,110,130,21,8562306,3519384.25,NaN,1346.707642,2.613324642,1.074647307,2.667004585,28.19823837,8.659651756,2.526242018,NaN,13.67161369,4.739582062,4.739582062,6,0.033710974,2.109455671,NaN
82,110,130,22,7295566,2890801.25,2882.890869,1142.319092,2.530642509,1.071791172,2.648401976,26.43831635,6.1660676,2.488573551,16.62936592,13.04593468,3.302217722,3.302217722,5,0.074691574,NaN,90.29461009
82,110,130,23,NaN,2881847.25,2876.522949,NaN,2.529049158,1.072551131,2.649202108,26.44163322,6.152699947,2.498485327,16.54784584,13.00109482,NaN,3.283859968,5,0.076207639,24.48430486,86.79137039
82,110,130,24,7253137.5,2872637.5,2869.8396,NaN,2.527366877,1.073234081,2.650016785,26.44501877,6.138784409,2.50746274,16.46190643,12.95547867,3.265076876,3.265076876,5,0.077784863,26.04255809,85.05433983
82,110,130,25,7229783.5,2863539,2862.718018,1133.852051,2.525496244,1.073745608,2.650773048,26.44816971,6.124107838,2.514228106,16.36772537,12.91317177,3.246829987,3.246829987,5,0.079438624,27.74643065,96.22838441
82,110,130,26,7204715,2854850,2855.180664,1131.358154,2.523383141,1.074051142,2.651417732,26.45086098,6.108612061,2.518286467,NaN,12.87714386,3.229857922,3.229857922,5,NaN,29.60852464,NaN
82,110,130,27,7178291,NaN,2847.364502,1129.20166,2.521029949,1.074166298,2.651926279,26.45298767,6.092414379,NaN,16.1531353,12.84873295,3.214556217,NaN,5,0.082963389,31.62435602,103.4964948
82,110,130,28,7151162.5,2839329.75,2839.46875,1127.395508,NaN,1.074130774,2.652298689,26.45454788,6.075791359,2.519345284,16.03743935,12.82794476,3.201047897,3.201047897,5,0.084789861,33.76976366,80.12384993
82,110,130,29,5768119,2646156.75,2468.437256,1132.409302,2.336749315,1.012922049,NaN,33.87535095,3.502250195,1.903534889,NaN,25.15208054,2.996532202,2.996532202,4,0.187158226,373.6584685,74.67786408
82,110,130,30,5587895,2463615,2396.641357,1056.641479,2.331552505,1.011432886,2.639593363,32.28672409,3.317963362,1.892282128,9.921304703,21.98772049,2.603157759,2.603157759,4,0.189195569,386.3013059,57.72271368
82,110,130,31,5540897.5,2434378.25,2380.191895,1045.730835,NaN,1.009577274,2.639353037,NaN,NaN,1.878444314,9.794126511,21.62850571,2.545704603,2.545704603,4,0.191089258,398.3149459,58.79811166
82,110,130,32,NaN,2424698.75,2370.538574,1043.010376,2.324712038,1.007373095,2.639333725,32.0837326,3.262155294,1.862268209,NaN,21.59965706,NaN,2.528986216,4,0.192787557,409.3065955,66.10687377
82,110,130,33,5481718.5,2416028,2360.984863,1040.587158,NaN,1.004790068,2.639314175,32.06846237,3.246355295,1.84366262,9.590136528,21.57058334,2.514087677,2.514087677,4,0.194259097,418.9988349,52.47204689
82,110,130,34,NaN,3631881,NaN,1521.7854,2.38659215,0.981725335,2.645266533,37.14635468,5.122355938,1.692660093,11.82486153,NaN,5.526943684,5.526943684,3,0.155496198,211.9102114,47.84834189
82,110,130,35,6740123.5,3624167.25,NaN,1520.006226,2.384310722,0.977995396,2.645259857,37.14073181,5.108018875,1.670533657,11.7084074,33.9517746,5.508756638,5.508756638,3,0.156513375,NaN,36.81780234
82,110,130,36,6715439,3618553,2818.853271,1518.91333,2.382330179,0.974182129,2.645259619,37.14061737,5.096979141,1.648503184,11.60148048,33.95140839,5.496268272,5.496268272,3,0.157341328,219.6736525,30.44017506
82,110,130,37,6698329.5,3618622.75,2813.630615,1520.000977,2.380671263,0.970662177,2.645292759,37.16828918,5.091772556,1.628676534,NaN,34.03918839,5.500309944,5.500309944,NaN,0.15801777,222.5677965,26.67329787
82,110,130,38,4008566.5,1910692.875,1860.001831,886.5743408,2.155141115,0.886496663,2.648360014,37.47898483,1.310281396,1.264915824,5.197312832,43.11957169,1.693971157,NaN,2,0.279941565,1309.202917,23.84476105
82,110,130,39,4005834.25,1912024.375,NaN,887.3085327,2.154858589,NaN,2.648395538,37.46998978,1.310210347,NaN,5.184682846,43.17683411,1.696555495,1.696555495,2,0.279899763,1308.583289,22.61138476
83,153,175,19,7443770,2920042.5,2927.008789,1148.207153,NaN,1.074504137,NaN,26.43485641,6.242851257,2.524327517,17.3175602,13.09288406,3.352813721,3.352813721,5,NaN,16.16438938,91.41606537
83,153,175,20,7392096,2909907,2912.053711,1146.333252,NaN,1.074304938,2.647754669,26.43564034,6.21420908,2.521667242,17.07854843,13.08224773,3.3357234,3.3357234,5,0.06946975,18.52895401,89.08584875
83,153,175,21,7339638.5,2899298.5,2897,1144.370728,2.533530712,1.074172735,2.647950411,26.43644905,6.184183121,2.519904137,16.83910179,13.07126331,3.317872047,3.317872047,5,0.072703799,21.24886377,95.13490582
83,153,175,22,7286584.5,2888385.25,2881.900146,1142.37854,2.528395891,1.074048281,2.648133993,26.43720818,6.15296936,2.518247843,NaN,13.06096458,3.299628973,3.299628973,5,0.076068297,24.34972528,96.74896201
83,153,175,23,7233309.5,2877386,2866.838135,1140.418457,2.523096561,1.07385087,2.648290396,26.43785477,6.120995045,2.515623808,16.36149597,13.05219364,3.281424284,3.281424284,5,0.07951643,27.82838517,99.22696034
83,153,175,24,7180494.5,2866554,2851.970459,1138.546631,2.517730951,1.07350862,2.648411036,26.43835449,6.088920593,2.511088371,16.12695122,13.04543018,3.263705254,3.263705254,5,0.082976691,31.63964043,93.8810479
83,153,175,25,7129237,2856162.5,2837.573242,1136.807495,2.512441635,1.072992921,2.648494959,26.43870163,6.057613373,2.504285574,15.90052223,13.04071712,3.246907234,3.246907234,5,0.086355572,35.68490732,78.20381189
83,153,175,26,5783855,2772284.25,2486.91748,1192.015015,2.325712442,1.001392484,2.643240213,35.30489731,3.583174467,1.819749355,9.977829933,NaN,3.304604292,3.304604292,4,0.193396631,413.2992013,64.07599956
83,153,175,27,NaN,NaN,2502,1227.039063,2.319418669,0.996619761,2.644153118,36.11641693,3.625238419,1.78718555,NaN,30.22852325,3.492174149,3.492174149,4,0.197103461,438.1816306,43.34293121
83,153,175,28,5706217,2777535.5,2466.866699,1200.762207,2.31314373,0.992540956,2.643660069,NaN,3.548100471,1.760266304,9.629597664,29.1475563,3.335160017,3.335160017,4,0.200177132,459.5861268,NaN
83,153,175,29,5470452.5,2538268.5,2371.374512,1100.308472,2.306869984,0.989834487,2.641229153,33.59981155,3.318773508,1.742847085,NaN,24.58416557,2.792878151,2.792878151,4,0.202470772,476.023691,44.10203384
83,153,175,30,6081971,NaN,2570.634033,1268.454224,2.365942001,0.966887414,2.640155792,33.18531799,4.476801872,1.60793817,10.55886269,23.93997383,3.806744099,3.806744099,3,0.163879184,248.7465856,46.52162263
83,153,175,31,6269932.5,3208135.75,2648.854248,1355.338989,NaN,NaN,2.642226696,34.71720123,4.677612782,1.613134503,10.81065559,27.38026047,4.348111153,4.348111153,NaN,0.164353632,250.953453,45.92286378
83,153,175,32,6543289,NaN,2760.52417,1474.230957,2.37030673,0.970933676,2.644646406,36.63119507,4.941249371,1.630188942,11.19421005,32.39988327,NaN,5.151522636,3,0.163910867,248.8935413,46.1195583
83,153,175,33,6630431,3561406.75,2793.364502,1500.401245,2.373636246,NaN,2.645083427,NaN,5.006841183,1.659044147,11.39649105,33.48983383,5.343539238,5.343539238,3,0.162634412,243.019846,36.12818136
83,153,175,34,6688439.5,3583955.25,2812.598877,1507.112183,2.378028154,0.982556522,2.645153046,37.0512085,5.040660858,1.697671056,NaN,33.67041016,5.401422977,5.401422977,3,0.160667306,234.1549438,25.90632281
83,153,175,35,4035346.75,1895570.125,1871.351563,879.0516357,2.156380892,0.902788699,2.648147583,37.53274918,1.301605463,1.322073936,5.329813957,42.78087616,1.666303992,1.666303992,2,0.281756733,1336.31372,33.2784156
83,153,175,36,4097725,1921877,1890.884399,NaN,2.167094469,0.907526553,2.648067236,37.55306244,NaN,1.339678288,5.475781441,42.65449905,1.704406977,1.704406977,2,0.27633525,1256.519906,20.60449861
83,153,175,37,4159351.75,1949580.125,1909.969604,895.2449951,2.177705765,0.911149383,2.648005247,37.56876373,1.367670059,1.353459358,5.617099762,42.55740738,1.745351791,1.745351791,2,0.27077633,1178.324498,32.70209461
83,153,175,38,4216489.5,1977230.375,1927.423828,903.8231812,2.1876297,0.91341114,2.647967339,37.57837677,1.40060544,1.362207532,5.744207382,42.49820709,1.787066698,1.787066698,2,0.265392159,1105.9774,30.84732857
83,153,175,39,4266693,2003582.875,1942.518433,912.1811523,2.196474791,0.914340913,2.647954702,37.58154678,1.43124485,1.36583674,5.851288795,42.47874451,1.82763052,1.82763052,2,NaN,1042.130705,33.86417698
